{"IcoMoonType":"selection","icons":[{"icon":{"paths":["M365.714 694.857c0 41.714-21.714 109.714-73.143 109.714s-73.143-68-73.143-109.714 21.714-109.714 73.143-109.714 73.143 68 73.143 109.714zM731.429 694.857c0 41.714-21.714 109.714-73.143 109.714s-73.143-68-73.143-109.714 21.714-109.714 73.143-109.714 73.143 68 73.143 109.714zM822.857 694.857c0-87.429-53.143-164.571-146.286-164.571-37.714 0-73.714 6.857-111.429 12-29.714 4.571-59.429 6.286-89.714 6.286s-60-1.714-89.714-6.286c-37.143-5.143-73.714-12-111.429-12-93.143 0-146.286 77.143-146.286 164.571 0 174.857 160 201.714 299.429 201.714h96c139.429 0 299.429-26.857 299.429-201.714zM950.857 594.286c0 63.429-6.286 130.857-34.857 189.143-75.429 152.571-282.857 167.429-431.429 167.429-150.857 0-370.857-13.143-449.143-167.429-29.143-57.714-35.429-125.714-35.429-189.143 0-83.429 22.857-162.286 77.714-226.286-10.286-31.429-15.429-64.571-15.429-97.143 0-42.857 9.714-85.714 29.143-124.571 90.286 0 148 39.429 216.571 93.143 57.714-13.714 117.143-20 176.571-20 53.714 0 108 5.714 160 18.286 68-53.143 125.714-91.429 214.857-91.429 19.429 38.857 29.143 81.714 29.143 124.571 0 32.571-5.143 65.143-15.429 96 54.857 64.571 77.714 144 77.714 227.429z"],"width":950.8571428571428,"attrs":[],"isMulticolor":false,"isMulticolor2":false,"tags":["github-alt"],"defaultCode":61715,"grid":14},"attrs":[],"properties":{"name":"github-alt","id":247,"order":4,"prevSize":28,"code":61715},"setIdx":0,"setId":2,"iconIdx":247},{"icon":{"paths":["M648 614.286c-28.571 92-112.571 153.714-209.143 153.714s-180.571-61.714-209.143-153.714c-6.286-19.429 4.571-39.429 24-45.714 18.857-6.286 39.429 4.571 45.714 24 18.857 61.143 75.429 102.286 139.429 102.286s120.571-41.143 139.429-102.286c6.286-19.429 26.857-30.286 46.286-24 18.857 6.286 29.714 26.286 23.429 45.714zM365.714 365.714c0 40.571-32.571 73.143-73.143 73.143s-73.143-32.571-73.143-73.143 32.571-73.143 73.143-73.143 73.143 32.571 73.143 73.143zM658.286 365.714c0 40.571-32.571 73.143-73.143 73.143s-73.143-32.571-73.143-73.143 32.571-73.143 73.143-73.143 73.143 32.571 73.143 73.143zM804.571 512c0-201.714-164-365.714-365.714-365.714s-365.714 164-365.714 365.714 164 365.714 365.714 365.714 365.714-164 365.714-365.714zM877.714 512c0 242.286-196.571 438.857-438.857 438.857s-438.857-196.571-438.857-438.857 196.571-438.857 438.857-438.857 438.857 196.571 438.857 438.857z"],"width":877.7142857142857,"attrs":[],"isMulticolor":false,"isMulticolor2":false,"tags":["smile-o"],"defaultCode":61720,"grid":14},"attrs":[],"properties":{"name":"smile-o","id":250,"order":3,"prevSize":28,"code":61720},"setIdx":0,"setId":2,"iconIdx":250},{"icon":{"paths":["M859.429 841.143c0 20-16.571 36.571-36.571 36.571h-264c1.714 36.571 6.286 74.857 6.286 112 0 18.857-15.429 34.286-34.857 34.286h-182.857c-19.429 0-34.857-15.429-34.857-34.286 0-37.143 4.571-75.429 6.286-112h-264c-20 0-36.571-16.571-36.571-36.571 0-9.714 4-18.857 10.857-25.714l229.714-230.286h-130.857c-20 0-36.571-16.571-36.571-36.571 0-9.714 4-18.857 10.857-25.714l229.714-230.286h-112.571c-20 0-36.571-16.571-36.571-36.571 0-9.714 4-18.857 10.857-25.714l219.429-219.429c6.857-6.857 16-10.857 25.714-10.857s18.857 4 25.714 10.857l219.429 219.429c6.857 6.857 10.857 16 10.857 25.714 0 20-16.571 36.571-36.571 36.571h-112.571l229.714 230.286c6.857 6.857 10.857 16 10.857 25.714 0 20-16.571 36.571-36.571 36.571h-130.857l229.714 230.286c6.857 6.857 10.857 16 10.857 25.714z"],"width":877.7142857142857,"attrs":[],"isMulticolor":false,"isMulticolor2":false,"tags":["tree"],"defaultCode":61883,"grid":14},"attrs":[],"properties":{"name":"tree","id":402,"order":5,"prevSize":28,"code":61883},"setIdx":0,"setId":2,"iconIdx":402}],"height":1024,"metadata":{"name":"icomoon"},"preferences":{"showGlyphs":true,"showQuickUse":false,"showQuickUse2":true,"showSVGs":true,"fontPref":{"prefix":"icon-","metadata":{"fontFamily":"icomoon"},"metrics":{"emSize":1024,"baseline":6.25,"whitespace":50},"embed":false,"autoHost":true},"imagePref":{"prefix":"icon-","png":true,"useClassSelector":true,"color":0,"bgColor":16777215,"classSelector":".icon"},"historySize":50,"showCodes":true,"gridSize":16,"quickUsageToken":{"UntitledProject":"ODgwN2JiZDIxN2IxNGUyYWIwNzA1YjRkMGUxNTYzNmEjMSMxNTkwMTE1MTQ1IyMj"}}}